driver_id,driver_name,age,Trips
WDID09873,Pamela Moore,18,64
WDID09874,Billy Lawson,18,37
WDID09875,Stephen Randolph,18,64
WDID09876,Jordan Daniel,18,53
WDID09877,James White,18,14
WDID09878,Roger Green,18,22
WDID09879,Shane Palmer,18,35
WDID09880,Brittany Gordon,18,36
WDID09881,Tracey Watkins,18,26
WDID09882,Angela Young,18,75
WDID09883,Charles Rios DVM,18,62
WDID09884,James Winters,18,22
WDID09885,Jacob Barker,18,50
WDID09886,Jasmine Perez,18,45
WDID09887,Debbie Cox,18,62
WDID09888,Nancy Porter,18,58
WDID09889,Carla James,18,66
WDID09890,Cynthia Owens,18,67
WDID09891,Justin Parsons,18,16
WDID09892,Andrew Lambert,18,34
WDID09893,Mrs. Valerie Schwartz MD,18,77
WDID09894,Jennifer Wright,18,61
WDID09895,Jason Moss,18,18
WDID09896,Anthony Robertson,18,77
WDID10058,Holly Grant,18,29
WDID10059,Amber Porter,18,46
WDID10060,Jody Patel,18,41
WDID10061,Ashley Peterson,18,42
WDID10062,Audrey Lopez,18,28
WDID10063,John Martinez,18,77
WDID10064,Charlotte Davila,18,37
WDID10065,Nicole Martinez,18,23
WDID10066,Ryan Gomez,18,60
WDID10067,Bruce Lane,18,29
WDID10068,Tyler Stewart,19,24
WDID10069,Ms. Lindsay Carpenter,19,77
WDID10070,Heather Torres,19,51
WDID10071,Chad Medina,19,20
WDID10072,Brian Crawford,19,32
WDID10073,Elizabeth Robinson,19,35
WDID10074,Joseph Roberts,19,65
WDID10075,Sandra Howard,19,71
WDID10076,Michelle Kane,19,30
WDID10077,Brent Werner,19,15
WDID10078,Todd Morris,19,69
WDID10079,Brittany Kelly,19,70
WDID10080,Kimberly Russell,19,52
WDID10081,Jonathan Gonzalez,19,45
WDID10082,Brittany Morgan,19,60
WDID10083,Andrea Choi,19,28
WDID10084,Candace Taylor,19,11
WDID10085,Charles Barrett,19,57
WDID10086,Matthew Brooks,19,20
WDID10087,Jessica Johnson,19,74
WDID10088,Anne Mckee,19,13
WDID10089,Andrew Smith,19,41
WDID10090,Jennifer Harris,19,65
WDID10091,Paul Boyd,19,68
WDID10092,Savannah Berg,19,25
WDID10093,Justin Gregory,19,56
WDID10094,Eric Bennett,19,18
WDID10095,Billy Daniels,19,71
WDID10096,Kelly Lopez,19,14
WDID10097,Melissa Little,19,59
WDID10098,Alice Giles,19,71
WDID10099,Julie Nichols,19,27
WDID10100,Nicholas Drake,19,44
WDID10101,Anita Harris,19,47
WDID10216,Nicole Freeman,20,45
WDID10217,Christopher Cooper,20,69
WDID10218,Shelly Sweeney,20,42
WDID10219,Justin Robinson,20,54
WDID10220,Crystal Harris,20,55
WDID10221,Michael Baxter,20,42
WDID10222,Daniel Hall,20,40
WDID10223,Scott Bell,20,24
WDID10224,Anthony Mitchell,20,25
WDID10225,Mary Miller,20,49
WDID10226,Sherri Allen,20,43
WDID10227,David Williams,20,47
WDID10228,Lindsey Nash,20,63
WDID10245,William Ballard,21,46
WDID10246,Samantha Burns,21,63
WDID10247,Sandra Ochoa,21,76
WDID10248,Victoria Adams,21,61
WDID10249,Michael Martin,21,78
WDID10250,Jared Campos,21,24
WDID10251,Jennifer Solis,21,63
WDID10252,Timothy Humphrey,21,39
WDID10253,Kenneth Hess,21,53
WDID10254,Sylvia Reed,21,33
WDID10255,Matthew Miller,21,20
WDID10256,Jennifer Brown,21,61
WDID10257,Paul Lyons,21,29
WDID10258,Christopher Williams,21,33
WDID10309,Jessica Acosta,22,12
WDID10310,Teresa Trujillo,22,50
WDID10311,Caleb Martinez,22,57
WDID10312,Toni Carter DDS,22,68
WDID10313,Nathan Price,22,29
WDID10314,Joshua Barrett,22,38
WDID10315,Courtney Smith,22,60
WDID10316,Jasmine Higgins,22,39
WDID10317,Stephen Walls,22,11
WDID10318,Jason Young,22,16
WDID10319,Cynthia Thomas,22,40
WDID10320,Amanda Bennett,22,21
WDID10321,Crystal Ellis,22,21
WDID10322,Dana Ferguson,22,40
WDID10323,Edward Moore,22,19
WDID10324,Glenda Johnson,22,40
WDID10325,Kimberly Townsend,22,54
WDID10326,Brittany Daniel,22,41
WDID10355,Stacy Blackburn,23,78
WDID10356,Christina Bowers,23,37
WDID10357,Michelle Owen,23,48
WDID10358,Nancy Snyder,23,14
WDID10359,Dustin Wood,23,57
WDID10386,Dennis Robinson MD,24,15
WDID10387,Dalton Rogers,24,27
WDID10388,Damon Bailey,24,75
WDID10389,Megan Smith,24,64
WDID10390,Maria Spears,24,15
WDID10415,Jerry Lamb,25,55
WDID10416,Sandra Henry,25,41
WDID10417,James Velez,25,21
WDID10418,Kelsey Mitchell,26,18
WDID10419,Valerie Davis,26,29
WDID10420,Heather King,26,31
WDID10421,Jesse Solomon,26,29
WDID10422,Patrick Hall,26,27
WDID10423,Robert Wright,26,63
WDID10440,Sarah Mitchell,27,33
WDID10441,Sandra Case,27,31
WDID10442,Marc Waters,27,12
WDID10443,Darryl Wilson,27,62
WDID10444,Jennifer Rasmussen,27,14
WDID10445,Denise Brown,28,56
WDID10446,Theresa Fields,28,22
WDID10447,Patricia Vance,18,40
WDID10448,Jennifer Thornton,28,52
WDID10449,Natasha White,28,37
WDID10450,Deborah Graham,28,30
WDID10463,Rebecca Lin,57,46
WDID10464,Paul Leach,30,57
WDID10465,Kirk Parker,63,64
WDID10466,Alison Knight,29,13
WDID10467,Amy Fox,53,32
WDID10468,Joan Melton,31,40
WDID10469,Leslie Powell,46,47
WDID10470,Wendy Vincent,32,35
WDID10471,Amanda Malone,60,44
WDID10472,Brent Green,35,55
WDID10473,Matthew Wood,40,55
WDID10474,Aaron Garcia,35,66
WDID10475,Jeffery Taylor,60,29
WDID10476,Scott Carter,51,12
WDID10477,Kristine Bradshaw,50,27
WDID10478,Joseph Lopez,40,22
WDID10479,Rebecca Duffy,34,18
WDID10480,Dr. Elizabeth Cooper DDS,38,27
WDID10481,Stephanie Johnson,44,45
WDID10482,Robert Jones,61,32
WDID10483,Glenn Anderson,40,55
WDID10484,Sean Walker,29,16
WDID10485,Gina Martinez,32,16
WDID10486,Taylor Pope,54,45
WDID10487,Jack Williams,50,42
WDID10488,Scott Alvarez,29,60
WDID10489,Jessica Patterson,48,24
WDID10490,Joan Brooks,44,65
WDID10491,Cristina Martin,44,57
WDID10492,Christie Ramirez,36,55
WDID10493,Justin Reynolds,35,63
WDID10494,Doris Li,47,70
WDID10495,Priscilla White,64,46
WDID10496,Keith Coffey,57,28
WDID10497,Heather Davis,38,41
WDID10498,Alan Woodward,36,76
WDID10499,Brian Wheeler IV,64,37
WDID10500,William Lee,50,65
WDID10501,Caroline Smith,49,64
WDID10502,Heather Johnson,38,44
WDID10503,Alec Rodriguez,42,71
WDID10504,Tracey Thomas,35,57
WDID10505,Paula Case,62,16
WDID10506,Timothy Brown,37,12
WDID10507,Mark James,50,46
WDID10508,Adam Wilson,53,36
WDID10509,Timothy Francis,54,33
WDID10510,Oscar Shah,32,50
WDID10511,Dr. Dustin Sherman DVM,32,55
WDID10512,Jason Evans,57,62
WDID10513,Andrew Reid,56,39
WDID10514,Mary Lee,50,23
WDID10515,Kelly Anderson,59,43
WDID10516,Leah Shelton,59,68
WDID10517,Timothy Brown,37,49
WDID10518,Nicholas Hendricks,42,19
WDID10519,Bradley Bradford,51,43
WDID10520,Janet Smith,58,76
WDID10521,Gabriel Fox,47,49
WDID10522,Michelle Hess,49,74
WDID10523,Laura Hampton,56,73
WDID10524,Angela Evans,65,73
WDID10525,Kevin Morales,60,75
WDID10526,Megan Hunt,54,58
WDID10527,Matthew Brown,48,68
WDID10528,Betty Brown,54,52
WDID10529,Jasmine Smith,59,66
WDID10530,Courtney Schroeder,37,50
WDID10531,Brian Ellis,64,75
WDID10532,Kelly Sosa,43,34
WDID10533,Michelle Robinson,41,45
WDID10534,Jared Cooper,57,25
WDID10535,Amanda King,54,28
WDID10536,Scott Wallace,63,71
WDID10537,Veronica Taylor,64,72
WDID10538,Stephen Kent,51,36
WDID10539,Tracy Adkins,56,69
WDID10540,Brittany Rodriguez,62,32
WDID10541,Heidi Owens,41,22
WDID10542,Antonio Johnson,29,42
WDID10543,Mr. Kenneth Adams,60,62
WDID10544,Kevin Morris,64,31
WDID10545,Dr. Daniel Harris MD,36,59
WDID10546,Crystal Bryant,55,71
WDID10547,Laura Coleman,33,55
WDID10548,Chase Ball,47,19
WDID10549,Alfred Cardenas,43,45
WDID10550,Andrew Stone,40,67
WDID10551,Danielle Campos,48,65
WDID10552,Ashley Coleman,46,36
WDID10553,Alisha Lopez,51,37
WDID10554,Sharon Myers,51,37
WDID10555,Hannah Soto,47,25
WDID10556,Donna Massey,65,25
WDID10557,Jesse Hardy,34,56
WDID10558,Stacy Booth,54,59
WDID10559,Thomas White,30,67
WDID10560,Justin Randall,52,60
WDID10561,Monique Bentley,37,24
WDID10562,Nicolas Humphrey,33,67
WDID10563,Thomas Powell,34,44
WDID10564,Steven Cooper,35,55
WDID10565,Jeffrey Moreno,58,14
WDID10566,Danielle Castillo,65,44
WDID10567,Angel Meyer,58,66
WDID10568,Christine Callahan,42,73
WDID10569,Alexandra Jones,30,60
WDID10570,Cynthia Barnes,41,27
WDID10571,Thomas Greene,40,37
WDID10572,Scott Brown,56,56
WDID10573,Angela Wright,63,31
WDID10574,Kenneth Clark,34,73
WDID10575,Stacy Garcia,36,41
WDID10576,Raymond Cherry Jr.,32,45
WDID10577,Ruth Diaz,50,72
WDID10578,Jeremy Cox MD,57,58
WDID10579,Amanda Lin,39,66
WDID10580,Rhonda Johnson,50,67
WDID10581,Cheyenne Randolph,60,47
WDID10582,Kim Cross,36,36
WDID10583,Heather Preston MD,36,20
WDID10584,Joshua Sanchez,38,40
WDID10585,Stephanie Gutierrez,29,22
WDID10586,Jeanette Lewis,51,43
WDID10587,Nicole Sullivan,41,42
WDID10588,Angela Hicks,53,74
WDID10589,Kimberly Munoz,49,71
WDID10590,Eric Martin,39,41
WDID10591,Jeffrey Hunter,52,57
WDID10592,Michael Andrade,59,41
WDID10593,Christina Hart,40,61
WDID10594,Steven Carson,55,67
WDID10595,Shane Dalton,35,23
WDID10596,Victoria Hawkins,52,67
WDID10597,Stephen Krueger,33,62
WDID10598,Christina Cruz,49,54
WDID10599,Seth Molina,47,32
WDID10600,Sheri Hamilton,38,38
WDID10601,John Miller,65,63
WDID10602,Michael Campbell,42,31
WDID10603,Amanda Coleman,65,69
WDID10604,Keith Mayer,35,50
WDID10605,Eileen Williams,45,39
WDID10606,Miguel Mathews,35,25
WDID10607,Dana Henderson,56,63
WDID10608,Mrs. Kelsey Young MD,39,46
WDID10609,Lisa Garcia,63,72
WDID10610,Katie Rivera,52,77
WDID10611,Christopher Garcia,51,32
WDID10612,Teresa Hernandez,48,58
WDID10613,Jennifer Miller,29,72
WDID10614,Vanessa Burke,40,47
WDID10615,Lawrence Davis,50,25
WDID10616,Matthew Ross,37,69
WDID10617,Jennifer Rodriguez,57,39
WDID10618,Amanda Lopez,64,64
WDID10619,Nina Lowe,47,48
WDID10620,Samantha Graham,43,51
WDID10621,Jose Garcia,48,19
WDID10622,Daniel Newman,61,34
WDID10623,Jeremy Allen,44,28
WDID10624,Carrie Savage,49,72
WDID10625,Oscar Edwards,30,14
WDID10626,Michael Wise,47,56
WDID10627,Jeremy Ramos,64,44
WDID10628,Barry Rodriguez,62,19
WDID10629,Morgan Preston,58,65
WDID10630,Jennifer Collins,55,64
WDID10631,Lori Thomas,31,48
WDID10632,Derek Mccullough,62,52
WDID10633,Bonnie Petty,32,20
WDID10634,Kevin Castillo DDS,65,48
WDID10635,John Hutchinson,35,70
WDID10636,Lauren Obrien,64,13
WDID10637,Gerald Salazar,49,64
WDID10638,Robert Tapia,30,33
WDID10639,Jennifer Martin,37,59
WDID10640,Tara Russell,44,53
WDID10641,Chelsey Willis,51,63
WDID10642,Kathleen Aguilar,55,22
WDID10643,Tiffany Frost,50,11
WDID10644,Maria Cohen,45,71
WDID10645,William Brown,56,48
WDID10646,Lisa Grant,63,57
WDID10647,Richard Davis,41,31
WDID10648,Denise Allison,61,35
WDID10649,Danny Owens,29,77
WDID10650,Shannon Galloway,35,27
WDID10651,Seth Smith,32,56
WDID10652,Maureen Brady,51,39
WDID10653,Sharon Hanson,32,15
WDID10654,Chris Ryan,51,31
WDID10655,Mr. Eric Scott MD,32,27
WDID10656,Laura Casey,31,26
WDID10657,Jessica French,30,21
WDID10658,Charles Flowers,62,55
WDID10659,Nathan Cox,54,21
WDID10660,Katrina Baker,46,50
WDID10661,Anthony Ingram,63,41
WDID10662,Sean Reyes,58,42
WDID10663,Justin Smith,59,12
WDID10664,Brandon Schmidt,43,20
WDID10665,Teresa Jefferson,45,30
WDID10666,Tyrone Wall,59,41
WDID10667,Christopher Burns,38,33
WDID10668,Jennifer Miller,61,63
WDID10669,Richard Carr,33,77
WDID10670,Molly Valdez,38,52
WDID10671,Justin Villa,52,45
WDID10672,Terry Walker,38,16
WDID10673,Jasmine Nash,59,61
WDID10674,James Johnson,41,76
WDID10675,Kelsey Garcia,40,30
WDID10676,Emily Hubbard,61,72
WDID10677,Cynthia Moreno,60,36
WDID10678,Scott Martin,34,44
WDID10679,Ian Hill,54,16
WDID10680,Stacy Vaughn,53,43
WDID10681,Lawrence Guzman,45,49
WDID10682,Andrea Bryant,52,39
WDID10683,Rebecca Woods,43,71
WDID10684,Cody Baker,42,37
WDID10685,Nicole Barker,32,40
WDID10686,Tony Wright,41,50
WDID10687,Cynthia Meyer,30,45
WDID10688,Crystal Sanders,65,51
WDID10689,Daniel Sanders,65,48
WDID10690,Samantha Gonzalez,59,46
WDID10691,Amber Davis,48,31
WDID10692,Melvin Holder,29,22
WDID10693,Chad Hill,62,38
WDID10694,Jennifer Medina,29,47
WDID10695,Elizabeth Williams,34,67
WDID10696,David Taylor,45,11
WDID10697,Corey Wood,49,55
WDID10698,Willie Wilson,55,30
WDID10699,Joseph Nichols,33,22
WDID10700,Brittney Lawson,40,29
WDID10701,Ryan Shaw Jr.,57,71
WDID10702,Sarah Anderson,30,59
WDID10703,Katie Maldonado,64,15
WDID10704,Michelle Chaney,57,26
WDID10705,Jeffrey Perez,37,42
WDID10706,Sarah Moon,42,69
WDID10707,Diana May,30,34
WDID10708,Kimberly Lopez,64,56
WDID10709,Stacey Cross,56,68
WDID10710,Jared Hendrix,49,13
WDID10711,Jeffrey Porter,52,56
WDID10712,Michaela Davies,60,64
WDID10713,Joseph Martinez,33,52
WDID10714,Yvonne Morris,64,15
WDID10715,Jason Watson,51,11
WDID10716,Jose Campbell,59,34
WDID10717,Grant Mitchell,36,16
WDID10718,Dustin Ortiz,39,67
WDID10719,Elizabeth Cardenas,42,63
WDID10720,Julia Bell,48,35
WDID10721,Michael Rose,50,56
WDID10722,Michelle Campbell,39,24
WDID10723,Denise Martin,31,68
WDID10724,Dr. Sarah Harrison MD,55,75
WDID10725,Jeremy Jenkins,37,47
WDID10726,Lindsey Johnson,46,34
WDID10727,Brian Duran,62,74
WDID10728,Alan Johnson,48,75
WDID10729,Richard Powell,40,59
WDID10730,Kevin Gilmore,30,11
WDID10731,Zachary Walker,62,36
WDID10732,Molly Stone,31,21
WDID10733,Carla Ramirez,62,74
WDID10734,Michael Zimmerman,65,69
WDID10735,Mr. Robert Kelly,55,67
WDID10736,Casey Wood,55,69
WDID10737,Jessica Murray,29,47
WDID10738,Kelly Robbins,29,70
WDID10739,Devin King,33,61
WDID10740,Ronald Doyle,58,78
WDID10741,Brandon Bush,47,58
WDID10742,Elizabeth Jones,47,11
WDID10743,Andrew Crawford,34,74
WDID10744,Molly Cole,62,29
WDID09872,Tonya Chung,18,35
WDID09897,Brandon Chavez,18,76
WDID09898,Judith Howard,18,58
WDID09899,Stephen Patton,18,47
WDID09900,Melissa Mcbride,18,37
WDID09901,Cassandra Nguyen,18,42
WDID09902,Patricia Vance,18,38
WDID09903,Paul Gomez,18,53
WDID09904,Chris Davis,18,43
WDID09905,Brandy Martinez,18,50
WDID09906,Michael Willis,18,23
WDID09907,Brandy Pittman,18,50
WDID09908,Ann Hall,18,64
WDID09909,John Walker,18,15
WDID09910,Oscar Roman,18,48
WDID09911,Kimberly Hayes,18,73
WDID09912,Michael Delgado,18,15
WDID09913,Tricia Larsen,18,78
WDID09914,Julie Rosales,18,18
WDID09915,Natasha Graves,18,56
WDID09916,Paul Lam,18,49
WDID09917,Jennifer Zimmerman,18,30
WDID09918,Shelby Wilson,18,58
WDID09919,John Rodriguez,18,65
WDID09920,William Brown,18,29
WDID09921,Charles Hernandez,18,49
WDID09922,Jacob Li,18,24
WDID09923,Eric Lawson,18,21
WDID09924,Nathan Davis,18,18
WDID09925,Rebecca Stephens,18,29
WDID09926,Laura Pearson,18,18
WDID09927,Stephanie Morgan,18,16
WDID09928,Kimberly Johnson,18,25
WDID09929,Kimberly Hall,18,74
WDID09930,Nicholas Johnson,18,64
WDID09931,Christopher Buck,18,24
WDID09932,Luis Baker,18,66
WDID09933,Nicholas Stewart,18,23
WDID09934,Robert Hogan,18,52
WDID09935,Cody Chavez,18,74
WDID09936,Alicia Terry,18,37
WDID09937,Daniel Mitchell,18,56
WDID09938,Thomas Mcfarland,18,15
WDID09939,Brian Douglas,18,21
WDID09940,Jessica Mercer,18,34
WDID09941,Kimberly Holden,18,41
WDID09942,Richard Williams,18,68
WDID09943,Shannon Preston,18,73
WDID09944,David Farmer,18,11
WDID09945,Carly Garrett,18,33
WDID09946,Christopher Perez,18,28
WDID09947,Brianna Austin,18,50
WDID09948,Deborah Foster,18,12
WDID09949,Jordan Holmes,18,74
WDID09950,Matthew Dean,18,28
WDID09951,Stephanie Mills,18,63
WDID09952,Matthew Coleman,18,60
WDID09953,Jamie Torres,18,27
WDID09954,Zachary Thornton,18,48
WDID09955,Taylor Gray,18,63
WDID09956,Emily Strickland,18,70
WDID09957,Cindy West,18,54
WDID09958,Robert Sherman,18,48
WDID09959,Michelle Bowen,18,34
WDID09960,Christopher West,18,26
WDID09961,Victor Bennett,18,24
WDID09962,Frank Smith,18,70
WDID09963,Sherri Wright,18,52
WDID09964,Barry Hooper,18,68
WDID09965,Brandon Rivers,18,75
WDID09966,Amy Cardenas,18,66
WDID09967,Joshua Campbell,18,23
WDID09968,Antonio Washington,18,39
WDID09969,Andrew Mcfarland,18,76
WDID09970,Bryce Estrada,18,64
WDID09971,Christine Dennis,18,20
WDID09972,Anthony Dixon,18,13
WDID09973,Miguel Hicks,18,52
WDID09974,Jillian Morales,18,70
WDID09975,Corey Morales,18,12
WDID09976,Stephanie Camacho,18,20
WDID09977,Troy Garcia,18,27
WDID09978,George Harmon,18,19
WDID09979,Chad Mcguire,18,25
WDID09980,Erin Lawrence,18,28
WDID09981,Christopher Peters,18,42
WDID09982,Kimberly Cannon,18,37
WDID09983,Lisa Miller,18,44
WDID09984,Shawn Orr,18,76
WDID09985,Kathryn Tran,18,44
WDID09986,Monica Randall,18,19
WDID09987,Breanna Floyd,18,77
WDID09988,Denise Thompson,18,13
WDID09989,Cheryl Lee,18,72
WDID09990,Clayton Jones,18,65
WDID09991,Jessica Patterson,18,35
WDID09992,Joseph Turner,18,16
WDID09993,Todd Garcia,18,70
WDID09994,Michele Hawkins,18,24
WDID09995,John Cox,18,27
WDID09996,Megan Ward,18,78
WDID09997,Tracy Johnson,18,71
WDID09998,Alexandra Thompson,18,26
WDID09999,Richard Johnson,18,78
WDID10000,Mrs. Sarah Carpenter MD,18,46
WDID10001,Thomas Terry,18,15
WDID10002,Lindsey Gonzales,18,49
WDID10003,Crystal Williams,18,56
WDID10004,Katherine Estes,18,13
WDID10005,Jeremy Allen,18,31
WDID10006,Wanda Harmon,18,63
WDID10007,Andrew Robertson,18,54
WDID10008,Dennis Cox,18,37
WDID10009,Tiffany Hardy,18,58
WDID10010,Eric Mcdonald,18,37
WDID10011,Christopher Hughes,18,61
WDID10012,Stacy Compton,18,25
WDID10013,Gregory Moss,18,38
WDID10014,Veronica Johnson,18,71
WDID10015,Mercedes Quinn,18,11
WDID10016,Vanessa Park,18,46
WDID10017,Robert Reese,18,70
WDID10018,Jennifer Weaver,18,24
WDID10019,Lisa Swanson,18,64
WDID10020,Joel Hancock,18,56
WDID10021,Terry Stewart,18,13
WDID10022,Benjamin Gibson,18,75
WDID10023,Leslie Gibson,18,15
WDID10024,Nathan Sherman,18,77
WDID10025,Michael Jones,18,65
WDID10026,Jasmine Jacobs,18,58
WDID10027,Cheryl Benson,18,21
WDID10028,Nicole White,18,26
WDID10029,Denise Tran,18,64
WDID10030,Troy Cowan,18,63
WDID10031,Melinda King,18,13
WDID10032,Jennifer Johnson,18,31
WDID10033,Walter Miller,18,45
WDID10034,Robert Howard Jr.,18,24
WDID10035,Alexis Wilson,18,12
WDID10036,Jason Stevens,18,66
WDID10037,Amanda Ferguson,18,22
WDID10038,Jonathan Torres,18,23
WDID10039,Michelle Hunter,18,18
WDID10040,Roberta Nelson,18,22
WDID10041,Brenda Vargas,18,40
WDID10042,Kent Oneal,18,34
WDID10043,Rita Brown,18,69
WDID10044,Madison Norman,18,32
WDID10045,James York,18,54
WDID10046,Tanya Bowen,18,50
WDID10047,Donald Gonzalez,18,34
WDID10048,Janice Ramos,18,27
WDID10049,Paula Gray,18,78
WDID10050,Cassandra Hatfield,18,67
WDID10051,Timothy Bradley,18,57
WDID10052,Jeremiah Carroll,18,70
WDID10053,Mark Ortiz,18,67
WDID10054,Patrick Ellis,18,19
WDID10055,Christina Obrien,18,54
WDID10056,Heather Gibson,18,21
WDID10057,Jennifer Lam,18,53
WDID10102,Brian Kelley,19,37
WDID10103,Melissa Harmon,19,65
WDID10104,David Nguyen,18,52
WDID10105,Laura Bradley,19,51
WDID10106,Justin Young,19,25
WDID10107,Julia Anderson,19,68
WDID10108,Nicole Allen,19,68
WDID10109,Melissa Davidson,19,77
WDID10110,Michael Poole,19,11
WDID10111,Jonathan Hansen,19,38
WDID10112,Alec Nichols,19,26
WDID10113,Calvin Osborne,19,48
WDID10114,Amy Neal,19,77
WDID10115,Shawn Boone,19,41
WDID10116,Brandy Bennett,19,68
WDID10117,Brian Bennett,19,15
WDID10118,Donna Kelly,19,34
WDID10119,Mary Wood,19,43
WDID10120,Jack Pratt,19,22
WDID10121,Andrew Gibson,19,20
WDID10122,Derrick Russell,19,45
WDID10123,Julie Snyder,19,32
WDID10124,Timothy Hernandez II,19,29
WDID10125,Geoffrey Heath,19,54
WDID10126,Cindy Rivera,19,70
WDID10127,Alan Hess,19,51
WDID10128,Lindsay Smith,19,21
WDID10129,Andrea Miller,19,50
WDID10130,Katie Frey,19,39
WDID10131,Erica Jackson,19,42
WDID10132,Isaac Lewis,19,32
WDID10133,Carl Mcguire,19,14
WDID10134,Jake Patterson,19,73
WDID10135,Ruth Mooney,19,70
WDID10136,Jody Sanchez,19,15
WDID10137,Martha Anderson,19,29
WDID10138,Rhonda Keller,19,43
WDID10139,Kelly Hughes DDS,19,66
WDID10140,Donald Stuart,19,71
WDID10141,Christine Bauer,19,48
WDID10142,Shawn Young,19,74
WDID10143,Deanna Golden,19,77
WDID10144,Laura Smith,19,11
WDID10145,James Green,19,27
WDID10146,Melanie Henderson,19,22
WDID10147,Matthew Brown,19,39
WDID10148,Claudia King,19,44
WDID10149,Betty Smith,19,49
WDID10150,Heidi Meyer,19,49
WDID10151,Adam Brown,19,70
WDID10152,Samantha Carey,19,51
WDID10153,Samuel Glover,19,71
WDID10154,Gerald Pollard,19,38
WDID10155,Mr. Thomas Anderson,19,54
WDID10156,David Hernandez,19,31
WDID10157,Leonard Nelson,19,35
WDID10158,James Rivera,19,26
WDID10159,Monique Jackson,19,76
WDID10160,John Morris,19,70
WDID10161,Rebecca Harmon,19,23
WDID10162,Rebecca Myers,19,66
WDID10163,George Padilla,19,26
WDID10164,Cynthia Park,19,49
WDID10165,Tyler Mason,19,42
WDID10166,Paul Diaz,19,40
WDID10167,Patricia Villarreal,19,49
WDID10168,Hector Collins,19,50
WDID10169,David Durham,19,72
WDID10170,Lisa Frank,19,33
WDID10171,Derek Colon,19,33
WDID10172,Jennifer Diaz,19,28
WDID10173,Keith Perez,19,39
WDID10174,Kelly Bray,19,11
WDID10175,Rebecca Newton,19,15
WDID10176,Jordan Guerrero,19,39
WDID10177,Samantha Francis,20,62
WDID10178,Misty Castro,20,17
WDID10179,Jessica Beck,20,63
WDID10180,Debbie Gross,20,60
WDID10181,Michael Riley,20,71
WDID10182,Jeremy Owens,20,74
WDID10183,Dawn Smith,20,12
WDID10184,Kelly Saunders,20,67
WDID10185,Lisa Camacho,20,20
WDID10186,Latoya Austin,20,47
WDID10187,Lauren Stevens,20,29
WDID10188,Leslie White,20,19
WDID10189,Brenda Cooper,20,23
WDID10190,Kara Hall,20,41
WDID10191,Heather Robinson,20,20
WDID10192,Michelle Griffin,20,23
WDID10193,Shawn Riley,20,32
WDID10194,Emily Gonzales,20,51
WDID10195,Jimmy Baldwin,20,38
WDID10196,Brian Anderson,20,39
WDID10197,Jacob Soto,20,56
WDID10198,Samuel Walton,20,58
WDID10199,Sophia Wilson,20,78
WDID10200,Michelle Johnson,20,46
WDID10201,Frank Ruiz,20,11
WDID10202,Rebecca Peterson,20,29
WDID10203,Kyle Peterson,20,34
WDID10204,Katie Shields,20,36
WDID10205,Jeffrey Tyler,20,57
WDID10206,Maria Gamble,20,76
WDID10207,Matthew Thompson,20,59
WDID10208,Evelyn Martinez,20,23
WDID10209,Vicki Whitaker,20,53
WDID10210,Yesenia Howard MD,20,69
WDID10211,Katelyn Walker,20,69
WDID10212,Todd Livingston,20,13
WDID10213,Marcus Rodriguez,20,77
WDID10214,Kelly Benjamin,20,34
WDID10215,Michael Ford,20,17
WDID10229,Jason Hoover,20,78
WDID10230,Nicole Grimes,20,68
WDID10231,Emily Tyler,20,53
WDID10232,Sarah Mccormick,20,16
WDID10233,Kathy Pope,20,36
WDID10234,Melinda Parker,20,52
WDID10235,Michelle Rojas,20,42
WDID10236,Katherine Howard,20,13
WDID10237,Alicia Day,20,73
WDID10238,Beverly Bennett,20,15
WDID10239,Rachel Miller,21,70
WDID10240,Debra Tyler,21,71
WDID10241,Mathew Ward,21,21
WDID10242,Rebekah Campbell,21,78
WDID10243,Sandra Shannon,21,38
WDID10244,David Cisneros,21,70
WDID10259,James Jones,21,26
WDID10260,Eric Morse,21,20
WDID10261,Shannon Juarez,21,50
WDID10262,Alyssa Higgins,21,14
WDID10263,Dr. Matthew Hines,21,31
WDID10264,Brian Adams,21,47
WDID10265,Robert Nixon,21,23
WDID10266,Laurie Cameron,21,36
WDID10267,Miss Christina Friedman,21,53
WDID10268,Samuel Baker,21,20
WDID10269,Leslie Leonard,21,13
WDID10270,Katherine Lowe,21,35
WDID10271,Christopher Valentine,21,21
WDID10272,Jerry Norris,21,70
WDID10273,Robert Johnson,21,23
WDID10274,Ryan Hill,21,35
WDID10275,Eric Koch,21,70
WDID10276,Perry Silva,21,34
WDID10277,Sarah Ferguson,21,21
WDID10278,Veronica Conley,21,51
WDID10279,Caitlin Smith,21,46
WDID10280,Jaclyn Martin,21,67
WDID10281,Seth Martinez,21,51
WDID10282,Brittany Morgan,19,76
WDID10283,Mark Mason,21,11
WDID10284,Kyle Davis,21,54
WDID10285,Jason Lee,21,40
WDID10286,Jasmine Smith,21,74
WDID10287,Amber Murray,21,39
WDID10288,James Moran,21,50
WDID10289,Darrell Mcmillan,21,63
WDID10290,Sandra Lane,21,45
WDID10291,Rachel Bautista,21,74
WDID10292,Jerry Kirk,21,58
WDID10293,Rebecca Hall MD,21,64
WDID10294,Elizabeth Cox,21,70
WDID10295,Sean Johnson,21,66
WDID10296,Toni Obrien,22,50
WDID10297,Anthony Thomas,22,65
WDID10298,Stephanie Archer,22,14
WDID10299,Amber Anderson,22,20
WDID10300,Elizabeth Rivera,22,22
WDID10301,Steven Harris,22,52
WDID10302,James Stephenson,22,34
WDID10303,Mary Gutierrez,22,67
WDID10304,Wayne Valenzuela,22,23
WDID10305,Charles Fields,22,77
WDID10306,Jacob Rivera,22,23
WDID10307,Russell Lewis,22,72
WDID10308,Brian Williams,19,39
WDID10327,Cindy Mahoney,22,65
WDID10328,Dennis Forbes,22,24
WDID10329,Juan Melendez,22,25
WDID10330,Cindy King,22,28
WDID10331,Julia Cunningham,22,74
WDID10332,Brittney King MD,22,67
WDID10333,Jose Solomon,23,76
WDID10334,Amber Robinson,23,36
WDID10335,William Alexander,23,60
WDID10336,Kevin Anderson,23,28
WDID10337,Cynthia Mckinney,23,11
WDID10338,George Morgan,23,74
WDID10339,Daniel Wolf,23,38
WDID10340,Jennifer Chen,23,75
WDID10341,Michael Kim,23,65
WDID10342,Matthew Morgan PhD,23,15
WDID10343,Jose Williams,23,24
WDID10344,Jodi Gutierrez,23,59
WDID10345,Tina Schneider,23,62
WDID10346,Laura Johnson,23,41
WDID10347,Jennifer Drake,23,22
WDID10348,Phillip Wallace,23,37
WDID10349,David Drake,23,68
WDID10350,James Gates,23,37
WDID10351,Matthew Davis,23,19
WDID10352,David Davis,23,50
WDID10353,Mr. Michael Brown,23,58
WDID10354,Allison Davis,23,63
WDID10360,Alyssa Walker,23,40
WDID10361,Jason Allen,23,38
WDID10362,Courtney Castillo,23,35
WDID10363,Karen Warner,23,35
WDID10364,Rebecca Robinson,23,29
WDID10365,Carl Blair,23,39
WDID10366,Curtis Suarez,23,59
WDID10367,Benjamin Cordova,23,27
WDID10368,Brenda Palmer,23,61
WDID10369,Christine Smith,23,42
WDID10370,Ann Allen,23,60
WDID10371,Joseph Lam,23,17
WDID10372,Erin Martinez,24,28
WDID10373,Tracy Henderson,24,46
WDID10374,Jeffery Long,24,77
WDID10375,David Hanson,24,60
WDID10376,Erik Johnson,24,36
WDID10377,Walter Reed,24,41
WDID10378,Natasha Walker,24,33
WDID10379,Cathy Bailey,24,73
WDID10380,Donald Gregory,24,69
WDID10381,Jasmine Savage,24,38
WDID10382,Brandon Garza,24,62
WDID10383,Douglas Young,24,60
WDID10384,Lisa Jackson,24,43
WDID10385,Miss Gabrielle Gray,24,32
WDID10391,Richard Hoffman,24,42
WDID10392,Stephen Palmer,24,51
WDID10393,John Mckinney,24,22
WDID10394,Jamie Ramirez,24,13
WDID10395,Jesse Morales DVM,24,49
WDID10396,Jennifer Murray,24,54
WDID10397,Shannon Gomez,24,50
WDID10398,Ashley Brown,24,72
WDID10399,Cathy Sanders,24,70
WDID10400,Daniel Wall,24,50
WDID10401,Stephanie Williams,24,27
WDID10402,Dr. Barbara Donovan,25,48
WDID10403,Nathaniel Villa,25,57
WDID10404,Brandon Soto,25,17
WDID10405,Kathleen Manning,25,35
WDID10406,Micheal Solomon,25,32
WDID10407,Ashley Lin,25,55
WDID10408,Shawn Short,25,46
WDID10409,Kimberly Snyder,25,20
WDID10410,Ronald Spencer,25,78
WDID10411,Mark Trevino,25,76
WDID10412,Jeremy Phillips,25,69
WDID10413,Valerie Greer,25,50
WDID10414,Christina Estrada,25,23
WDID10424,Sara Good,26,77
WDID10425,Carol Simpson,26,63
WDID10426,Ricky Carter,26,55
WDID10427,Kristin Jones,26,39
WDID10428,Erika Cook,26,15
WDID10429,Thomas Fletcher,26,78
WDID10430,Mary Hall,22,56
WDID10431,Billy Adams,26,61
WDID10432,Sara Garcia,27,51
WDID10433,Mark Mathews,27,41
WDID10434,Daniel Hall,20,14
WDID10435,Mark Allen,27,59
WDID10436,Jaime Fuller,27,65
WDID10437,Misty Jones,27,22
WDID10438,Robert Richard,27,31
WDID10439,Faith Martin,27,36
WDID10451,Charles Tate,28,21
WDID10452,Lawrence Lewis,28,27
WDID10453,Nicholas Kent,28,52
WDID10454,Sean Sheppard,28,47
WDID10455,Sarah Nicholson,28,29
WDID10456,Lori Carroll,28,30
WDID10457,Paul Delgado,28,19
WDID10458,Tammy Hernandez,28,29
WDID10459,Brianna Diaz,28,70
WDID10460,Kyle Bishop,28,23
WDID10461,Hector Davis,28,68
WDID10462,Dalton Mills,39,37
WDID10745,Megan Mccormick,45,64
WDID10746,Rebecca Young,39,63
WDID10747,Elizabeth Thomas,51,32
WDID10748,Kenneth Lewis,44,23
WDID10749,Jason Henry,61,77
WDID10750,Carlos Kelley,53,73
WDID10751,Christopher Weiss,41,54
WDID10752,April Hensley,44,72
WDID10753,Rachel Walker,47,59
WDID10754,Johnny Mcmahon,44,26
WDID10755,Devon Rogers,48,51
WDID10756,Sherry Dunn,56,50
WDID10757,Tracey Knight,50,13
WDID10758,Heather Powell,42,29
WDID10759,Anne Stafford,54,59
WDID10760,Wayne Chan,30,55
WDID10761,Jaime Griffith,64,16
WDID10762,Paul Wells,41,45
WDID10763,Oscar Davis,31,14
WDID10764,Cassandra Jones,45,42
WDID10765,Louis Cross,59,78
WDID10766,Heather Welch,60,25
WDID10767,Christopher Richardson,46,12
WDID10768,William Robinson,48,12
WDID10769,Katherine Young,65,29
WDID10770,Christopher Wiley,63,78
WDID10771,Nicole Harris,60,62
WDID10772,Richard Martin,31,65
WDID10773,Nicholas Nelson,29,65
WDID10774,Evelyn White DDS,47,30
WDID10775,William Tucker,62,33
WDID10776,Derek Edwards,50,20
WDID10777,Adam Fuentes,45,25
WDID10778,Omar Robinson,64,78
WDID10779,Kevin Robinson,36,21
WDID10780,Clayton Ramirez,60,45
WDID10781,Amanda Moss,49,43
WDID10782,Aaron Rogers,51,36
WDID10783,Stephen Thompson,35,62
WDID10784,Deborah Stark,58,70
WDID10785,Ashley Byrd,58,74
WDID10786,Christopher Richardson,60,43
WDID10787,Amy King,58,41
WDID10788,Alejandro Smith,30,78
WDID10789,Amy Miller,36,44
WDID10790,Katherine Martin,50,30
WDID10791,James Duncan,56,75
WDID10792,Ronald Hernandez,63,26
WDID10793,Linda Yates,52,33
WDID10794,James Shepherd,32,27
WDID10795,Joseph Stewart,52,63
WDID10796,Bobby Morse MD,46,12
WDID10797,Peter Carter,33,45
WDID10798,Ronnie Curtis,56,32
WDID10799,Valerie Perry,49,54
WDID10800,James Hoover,39,60
WDID10801,Jamie Jenkins,30,59
WDID10802,Michaela Coleman,54,63
WDID10803,Jennifer Martin,32,67
WDID10804,Tyler Vasquez,64,39
WDID10805,Adam Irwin,49,74
WDID10806,Lisa Sutton,56,19
WDID10807,Susan Smith,37,35
WDID10808,Tiffany Hamilton,62,60
WDID10809,Patrick Moran,40,18
WDID10810,Jesus Walters,48,76
WDID10811,Bruce Manning,48,78
WDID10812,Erin Davis,55,60
WDID10813,Shawn Nguyen,43,72
WDID10814,Elizabeth Little,44,37
WDID10815,Erica Schultz,60,52
WDID10816,Ryan Hartman,43,57
WDID10817,Brian Castro,43,60
WDID10818,Brooke Garcia,63,53
WDID10819,Melanie Heath,65,35
WDID10820,Dr. Gabriel Mendoza,40,74
WDID10821,Victoria Bowen,47,46
WDID10822,Rebecca Rivers,45,76
WDID10823,Cathy Daniel,61,67
WDID10824,Marcus Hamilton,43,60
WDID10825,Ricky Hodge,29,74
WDID10826,Krista Adams,55,39
WDID10827,Xavier Hernandez,56,22
WDID10828,Jason Willis,50,60
WDID10829,Shannon Thomas,42,49
WDID10830,Christy Young,40,63
WDID10831,Ashley Alvarez,33,16
WDID10832,John Watkins,39,16
WDID10833,Laura Murillo,60,51
WDID10834,Mr. Michael Cox MD,39,54
WDID10835,Rodney Wallace,52,48
WDID10836,Laura Schultz,38,22
WDID10837,Mr. Cameron Swanson,42,72
WDID10838,Emily Ho,35,46
WDID10839,Brenda Cooley,65,78
WDID10840,Daniel Perkins,57,37
WDID10841,Justin Villanueva,30,61
WDID10842,Roberto Jones,62,14
WDID10843,Andrew Kirby,52,42
WDID10844,Patricia Jordan,65,50
WDID10845,Joanna Black,61,48
WDID10846,Jodi Harvey,29,68
WDID10847,Alyssa Bradford,42,54
WDID10848,Tyler Williams,31,62
WDID10849,Michelle Humphrey,65,69
WDID10850,Jennifer Herrera,55,49
WDID10851,Dana Welch,32,37
WDID10852,Shaun Strong,37,68
WDID10853,Paul Norton,61,58
WDID10854,Anthony Garza,55,57
WDID10855,Katie Bennett,55,39
WDID10856,John Hutchinson,64,14
WDID10857,Andrew Carlson,65,22
WDID10858,Lauren Sanders,60,50
WDID10859,Richard Carter,42,22
WDID10860,Kelly Price,43,72
WDID10861,Brooke Lewis,29,51
WDID10862,Brooke Miranda,41,74
WDID10863,Michael Elliott,49,59
WDID10864,James Greene,42,12
WDID10865,Chase Hale,63,73
WDID10866,Aaron Jackson,29,27
WDID10867,Jason Jones,35,66
WDID10868,Gerald Lewis,55,58
WDID10869,William Jones,58,67
WDID10870,Debbie Lopez,45,55
WDID10871,Tina Green,35,42
WDID10872,Ivan Adams,43,13
WDID10873,Alexander Diaz,50,33
WDID10874,Nathaniel Miller,52,71
WDID10875,James King,47,41
WDID10876,Gregory Taylor,32,75
WDID10877,Thomas Cook,64,40
WDID10878,Adam Sullivan,50,28
WDID10879,Robert Baker,33,47
WDID10880,Yolanda Shepard,47,50
WDID10881,Sarah Whitney,31,70
WDID10882,Mr. Scott Robinson,59,50
WDID10883,Gail Turner,29,53
WDID10884,Stephen Ray,29,61
WDID10885,Nancy Blevins,63,11
WDID10886,John Garcia,62,53
WDID10887,Craig Freeman,37,54
WDID10888,Jose Morris,56,71
WDID10889,Jake Rodriguez,31,74
WDID10890,Jeanette Li,29,33
WDID10891,Kelly Myers,45,53
WDID10892,Gary Wagner,54,48
WDID10893,Edwin Adams,51,45
WDID10894,Mark Ortega,54,24
WDID10895,Lauren Turner,29,22
WDID10896,Jennifer Finley,29,20
WDID10897,Lucas Buck,50,74
WDID10898,Joshua Smith,50,36
WDID10899,Alexander Lindsey,42,44
WDID10900,Russell Carter,52,23
WDID10901,Terri Hansen DDS,45,62
WDID10902,Brittany Richardson,47,12
WDID10903,John Collins,44,27
WDID10904,Patrick Murphy,46,36
WDID10905,Janice Wilkerson,29,74
WDID10906,Jason Jackson,59,73
WDID10907,Lawrence Barnett,30,78
WDID10908,John Johnson,32,14
WDID10909,Jamie Garcia,42,42
WDID10910,Nicole Jenkins,51,61
WDID10911,Mitchell Osborne,51,65
WDID10912,Michael Coleman,33,74
WDID10913,Amanda Barnes,39,54
WDID10914,Brad Yang,53,75
WDID10915,Michael Rodriguez,53,49
WDID10916,Nicole Russell,33,40
WDID10917,Tiffany Myers,52,47
WDID10918,Matthew Benton,53,77
WDID10919,Kristin Thompson,45,48
WDID10920,Douglas Combs,29,69
WDID10921,Sandra Frazier,49,56
WDID10922,Ian Johnson,38,73
WDID10923,Wendy Morris,29,28
WDID10924,Tammy Hunt,61,59
WDID10925,Mr. Keith Chambers,32,11
WDID10926,Jason Cisneros,39,28
WDID10927,Nicole Dunn,32,15
WDID10928,April Harris,37,77
WDID10929,Holly Smith,52,59
WDID10930,James Kane,48,61
WDID10931,Franklin Wright,30,75
WDID10932,Juan Booker,60,73
WDID10933,Alexis Martin,52,47
WDID10934,William Tucker,65,62
WDID10935,Brian Park,60,32
WDID10936,Matthew Buck,65,36
WDID10937,Roy Frost,31,42
WDID10938,Felicia Jones,61,26
WDID10939,Ann Brown,50,34
WDID10940,Thomas Reynolds,31,72
WDID10941,Selena Gomez,29,59
WDID10942,Glenn Lawrence,30,40
WDID10943,Jordan Martin,44,55
WDID10944,Sheila Smith,44,32
WDID10945,Walter Hunt,64,66
WDID10946,Katie Chavez,29,64
WDID10947,Caitlin White,50,70
WDID10948,Jennifer Taylor,37,12
WDID10949,Adam Costa,30,40
WDID10950,Bethany Jones,56,26
WDID10951,Calvin Cohen,43,60
WDID10952,Charles Myers,64,22
WDID10953,Nicholas Bauer,40,53
WDID10954,Anthony Robinson,43,27
WDID10955,Kim Bishop,60,76
WDID10956,Gregory Green,43,11
WDID10957,Sarah Mcmillan,53,78
WDID10958,Mr. Benjamin Murphy,45,50
WDID10959,William Woodard,31,77
WDID10960,Deborah Davis,31,60
WDID10961,Amy Campbell,61,66
WDID10962,Claudia Sutton,55,74
WDID10963,Michael Martin,29,66
WDID10964,Martha Patel,57,63
WDID10965,Kim Farmer,35,70
WDID10966,Shannon Reyes,43,24
WDID10967,Cody Mitchell,39,62
WDID10968,Victor Olson,31,72
WDID10969,Annette Williams,62,15
WDID10970,Russell Byrd,54,47
WDID10971,Chris Schmitt,47,37
WDID10972,Kristen Hernandez,60,77
WDID10973,Kimberly Kennedy,64,18
WDID10974,Rebecca Smith,56,13
WDID10975,Angela Brown,38,20
WDID10976,Rachel Smith,41,61
WDID10977,Emily Smith,63,73
WDID10978,Adam Hansen,51,23
WDID10979,Ronald Gibson,48,23
WDID10980,Destiny Gonzalez,51,56
WDID10981,Taylor Pacheco,36,78
WDID10982,Stephanie Stephens DDS,58,73
WDID10983,Colleen Villarreal,45,77
WDID10984,Ashley Brown,53,33
WDID10985,Kimberly Ryan MD,49,26
WDID10986,Travis Taylor,32,75
WDID10987,Troy Munoz,35,24
WDID10988,John Robinson,53,45
WDID10989,Audrey Mcdowell,44,35
WDID10990,Amy Bennett,48,14
WDID10991,Leslie Smith,30,65
WDID10992,Richard Green,30,77
WDID10993,Olivia Andrews,37,39
WDID10994,Corey Coffey,42,55
WDID10995,David Nielsen,57,12
WDID10996,Jonathan Wheeler,58,24
WDID10997,Michael Ramsey,38,49
WDID10998,Darrell Chambers,29,47
WDID10999,David Miller,49,51
WDID11000,Shane Davis,35,55
WDID11001,Amanda Foster,34,56
WDID11002,Brenda Sanchez,33,49
WDID11003,Anita Smith,35,18
WDID11004,Anthony Garner,62,20
WDID11005,Joel Austin,40,27
WDID11006,Scott Wallace,35,55
WDID11007,Gary Mccullough,50,47
WDID11008,Carly Underwood,29,58
WDID11009,Deborah Juarez,52,32
WDID11010,Darlene Sanchez DVM,39,52
WDID11011,Sherry Gomez,44,32
WDID11012,Kimberly Rios,44,52
WDID11013,Gregory Miller,33,22
WDID11014,Jimmy Ray,61,43
WDID11015,William Taylor DDS,58,27
WDID11016,Sharon Miller,46,28
WDID11017,Debbie Lewis,29,70
WDID11018,Elaine Bowers,49,76
WDID11019,Andrew Moore,57,60
WDID11020,Timothy Ray,31,61
WDID11021,Caitlin Sanford,59,73
WDID11022,Christian Davis,52,11
WDID11023,Kristen Terrell,51,17
WDID11024,Austin King,34,70
WDID11025,Brett Ryan,57,43
WDID11026,Stephanie Allen,64,27
WDID11027,Kevin Ellis,49,21
WDID11028,Kimberly Holt,64,30
WDID11029,Emily Carter,59,17
WDID11030,Gabriel Odom,43,75
WDID11031,Paul Carrillo,30,63
WDID11032,Willie Hansen,44,30
WDID11033,Andrew Brown,29,67
WDID11034,Mark Soto,55,49
WDID11035,Courtney Miller,29,47
WDID11036,Jessica Trevino,51,74
WDID11037,Mary Bartlett,50,44
WDID11038,Joel Hurley,46,70
WDID11039,Janet Griffin,31,76
WDID11040,Taylor Taylor,57,33
WDID11041,Lawrence Robertson,45,59
WDID11042,Dr. Lindsay Davis,33,42
WDID11043,Timothy Taylor,54,56
WDID11044,Peter Vaughn,55,38
WDID11045,Sarah Keith,36,24
WDID11046,Kenneth Sharp,56,38
WDID11047,Nicole Tate,33,68
WDID11048,Crystal Rodriguez,49,44
WDID11049,Timothy Cook MD,44,65
WDID11050,Thomas Simmons,40,17
WDID11051,Denise Johnson,32,53
WDID11052,Jennifer Nelson,40,13
WDID11053,Cynthia Bowen,60,58
WDID11054,David Davis,60,40
WDID11055,Zachary Nguyen,52,77
WDID11056,Denise Valdez,59,42
WDID11057,Cassandra Welch,37,34
WDID11058,Lee Garza,56,38
WDID11059,Shawn Cook,57,67
WDID11060,Alyssa Pollard,54,25
WDID11061,Susan Murray,64,42
WDID11062,George Martinez,29,70
WDID11063,Kathryn Hall,56,49
WDID11064,Matthew Cole,41,71
WDID11065,Marisa Cherry,30,66
WDID11066,Daniel Terry,45,21
WDID11067,William Payne,65,65
WDID11068,Rick Bennett,51,72
WDID11069,Anthony King,37,38
WDID11070,April Jones,46,22
WDID11071,Kari Cox,55,27
WDID11072,Lee Larsen,39,78
WDID11073,Craig Brown,36,63
WDID11074,Abigail Murphy,64,78
WDID11075,Raymond Martin,52,69
WDID11076,Breanna Tucker,36,44
WDID11077,David Reyes,59,48
WDID11078,Kristen Campbell,55,53
WDID11079,Brandon Kline,52,71
WDID11080,Jordan Webb,47,65
WDID11081,James Reed,64,36
WDID11082,Bobby Murphy,35,78
WDID11083,Kenneth Lopez,64,40
WDID11084,Jennifer Olsen,61,21
WDID11085,Carmen Hamilton,61,39
WDID11086,Eric Smith,44,35
WDID11087,Juan Cox,38,13
WDID11088,Holly Yates,43,32
WDID11089,Zachary Rivera,58,41
WDID11090,Samantha Mcguire,40,24
WDID11091,Elizabeth Garcia,47,55
WDID11092,George Sims,31,66
WDID11093,Brian Turner,48,19
WDID11094,Jesse Fernandez,32,40
WDID11095,Monica Reynolds,36,16
WDID11096,Valerie Love,56,52
WDID11097,James Richardson,50,73
WDID11098,John Pope,32,31
WDID11099,Ashley Gutierrez,35,46
WDID11100,Brett Young,48,39
WDID11101,Angela Moreno,43,29
WDID11102,Jennifer Dean,37,37
WDID11103,Joseph Farmer,63,14
WDID11104,Dr. Adam Freeman,34,72
WDID11105,Catherine Hansen,31,76
WDID11106,Tyler Moyer,31,36
WDID11107,Michael Miller,32,58
WDID11108,Savannah Fowler,52,69
WDID11109,Harry Hamilton,38,14
WDID11110,Jackie Nelson,57,25
WDID11111,Nicole Lewis,41,74
WDID11112,Christopher Fisher,50,74
WDID11113,Dawn Torres,37,42
WDID11114,Shannon Leblanc,54,32
WDID11115,Jo Cook,36,57
WDID11116,Heather Rogers,30,11
WDID11117,Kellie Moore,42,23
WDID11118,Billy Moore,46,57